url,is_up,VIRUS_TOTAL,GOOGLE_SAFE_BROWSING_V4,GOOGLE_SAFE_BROWSING_V5
https://cdn.trytraffics.com/rdr/YWE9MzcyOTc5MTcwJnNlaT03NDg3ODc2JnRrPXVZUnhSekttZk5FNDRpN2Q3VWVDJnQ9NSZjPTkwYXM4NzZmZDg5YXM1Zmc4YTA5cw==,True,True,True,False
https://la-ed-ger-wallet.netlify.app/,False,True,False,False
http://asdun.top/,False,True,True,True
http://jsjshshshsyy809.weeblysite.com/,False,True,False,False
http://memberreview.weebly.com/,False,True,False,False
http://telegramxing.com/,False,True,False,False
http://fggftg44gf.weebly.com/,False,True,False,False
http://cqoinbsewaletextnsion.webflow.io/,False,True,False,False
http://mjqsrdwpna.top/,False,True,False,False
http://mjqsrdwpna.ink/,False,True,False,False
http://mjqsrdwpna.red/,False,True,False,False
http://mjqsrdwpna.shop/,False,True,False,False
http://bellsouth-mailer-verifier-4fb78d.webflow.io/,False,True,False,False
http://mjqsrdwpna.wiki/,True,True,False,False
http://rtqkpmgqhw.wiki/,True,True,False,False
http://iuyhfg.weebly.com/,False,True,False,False
http://mail.anujspotify.freewebhostmost.com/,True,True,False,False
http://0722.housunzi.eu.org/,True,True,False,False
http://att-106375-100783.weeblysite.com/,False,True,False,False
http://bafybeib3xcvshx2ey4hbrvywtgkttprvcrfzmifath4hz2p5twzj3s4yay.ipfs.dweb.link/,False,True,False,False
https://mobilephotokiosk.com/shop/8312?lng=pl-PL,True,False,False,False
http://mmetammask.webflow.io/,False,True,False,False
http://server76353.weebly.com/,False,True,False,False
http://web-lupqrbm0k-uniswap.vercel.app/,False,True,False,False
http://markusgl17.github.io/,False,True,False,False
http://bafkreidfy3qubbj5esk74hokxw6e7rvpmos3tdawifdnr3iapxa66wyrl4.ipfs.flk-ipfs.xyz/,False,True,False,False
http://client-verify-now-your-id2.vercel.app/,False,True,True,True
http://www.removee.shop/,False,True,False,False
http://vikashspotify.netlify.app/,False,True,False,False
http://logi-n-ndax-us.webflow.io/,False,True,False,False
http://meta-mask.godaddysites.com/,False,True,False,False
http://asdekrnbyrhdjfs.weebly.com/,False,True,False,False
http://manager-xrequest.help/,False,True,False,False
http://cen1-brown.vercel.app/,False,True,False,False
http://www.binance.com.179-43-172-131.cprapid.com/,True,True,False,False
http://at-jka8.vercel.app/,False,True,False,False
http://telegramweb.vip/,True,True,False,False
http://bafybeid7niziqqtxy2bopoaqd3uwogcold7ecizstbubpg3h5aitrwanja.ipfs.dweb.link/,False,True,False,False
http://at-t-home-aee569.webflow.io/,False,True,False,False
http://yhsilasmka.com/,False,True,False,False
http://codashop-mlbb.event-redeem.com/,True,False,False,False
https://www.creditoman-bc.om/SignIn?ReturnUrl=/,False,True,False,False
https://cdn.trytraffics.com/rdr/YWE9MzcwNzcyODY3JnNlaT0zMDYwODI3MiZ0az1YTzkzWVlGVkh0cFpqMDhITkNFUyZ0PTUmYz05MGFzODc2ZmQ4OWFzNWZnOGEwOXM=,True,True,True,False
https://notification098.weebly.com/,True,True,False,False
https://mcard50.ru/cn,False,True,False,False
https://web-coinbasepro.webflow.io/,True,True,False,False
https://safeguardcontentviralvoyage.vercel.app/appeal&form,True,True,False,False
https://meu-buscar.com/?i=xX./expire/./expire/,True,True,True,True
http://roundcube-mail-client-879jh7yh87i9.pages.dev/3mail@b.c,False,True,False,False
http://krienkekiim.wixsite.com/my-site-2,False,True,False,False
http://coinbasecomlogiin.wixsite.com/coinbasecomlogin,False,True,False,False
http://c5phlyerr.wixsite.com/my-site,False,True,False,False
https://portal-app-ndax-s-cdn-auth.webflow.io/,True,True,False,False
https://dgt.info.gf/dgg/in.php,True,True,False,False
https://jii.li/mu-dgt,False,True,False,False
https://roundcube-mail-client-879jh7yh87i9.pages.dev/,True,True,False,False
http://dev-85214796301220527732742742.pantheonsite.io/,False,True,False,False
https://facebook.pomoc-konta.top/?rid=cukMcDY&h=AT0qJxyz,False,True,False,False
https://flawless-spectacular-pufferfish.glitch.me/public/index_boxb.html,False,True,False,False
https://safeguardcontentviralvoyage.vercel.app/3ae&2593cf65a&1e9d0xe13da4b400e,True,True,False,False
http://mww1761.wixsite.com/my-site-1,False,True,False,False
http://unmarred-rebel-scarecrowefrede-3e43w-dfeded.glitch.me/,False,True,False,False
http://www.goo.su/dqYmFfL/,False,True,False,False
https://heyflow.id/japan-1c762d,False,False,False,False
http://rebrand.ly/help_japan24h,False,True,False,False
https://akke.top/porno,False,True,False,False
http://handy-available-lampkkskj-smndhy7ndj.glitch.me/,False,True,False,False
https://kbico.thamboli.co.za/,True,True,False,False
https://inner.website/d4035c1b42553343f50a3c1d6e8wbcec3546.html,True,True,False,False
http://spandan-maharana.github.io/Netflix-Clone,False,True,True,True
https://mainsync.pages.dev/,False,True,False,False
http://gateway.ipfs.io/ipfs/QmTWMzrfTk1HEzSV1eXBT8JCfCfnVjvzzQ3f2HQSPfhGgf,False,True,False,False
http://redstarplus.ro/---Wp-contcat/tmpkjdhgfcvxgbhn834er7fewhyuaijdchbxj29hcgduxhijiudhyagstfr56y7893rt87rfeudyhsjwhdbfgvcbeduqhjwhwdqwdewqa.php,True,True,False,False
http://sales101.online/canada,False,True,True,False
http://kreshanth.github.io/netflix-website,False,True,False,False
http://mgc-token-migration-debug.netlify.app/,False,True,True,True
https://peridot-cord-salsa.glitch.me/,False,True,False,False
http://metamask-restore-pages.vercel.app/,False,True,False,False
https://pub-c238f8f2bbb64711a6e5633d1966ec98.r2.dev/index.html,True,True,False,False
http://yjpages.cist.pp.ua/,False,True,False,False
http://ipfs.io/ipfs/QmPs6eJBPpfiF1DWDmB5AgmFjVcynzj2zWpP39uJ3oVRps,False,True,False,False
http://help-fb-recovery.github.io/notification,False,True,True,True
http://gerokeys.github.io/Netflix-clone,False,True,False,False
http://metamaskvip.wixsite.com/airdrops,False,True,False,False
http://ebay.3890276.workers.dev/,True,True,False,False
http://starglobal.ru/Qbo_helpintuit/tmpkjdhgfcvxgbhn834er7fewhyuaijdchbxj29hcgduxhijiudhyagstfr56y7893rt87rfeudyhsjwhdbfgvcbeduqhjwhwdqwdewqa.php,True,True,False,False
http://7aha7o1azo0xz6fh.life/,True,True,False,False
http://laserbyyas.com.au/double/PDF,False,True,True,False
http://ipfs.io/ipfs/QmNpfE8LvBueVmX1k6Vf8REQv2MUGeyud8B4tUxX63hVxg/msgbxxcloud.html,False,True,False,False
http://safenguxx.xyz/,False,True,False,False
https://mostafaislam78.github.io/Facebook-Log-In-Page/index.html,True,True,True,False
https://securemysrvcistlstrapppmntsinaustralians.golffan.us/login/,True,True,False,False
http://nabinrimal.github.io/Facebook-Login-Page,False,True,False,False
http://saurabhshrikhande.github.io/HTML-CSS1-1Netflix,False,True,True,False
https://ipfs.io/ipfs/QmXctLdiNwpvTTD26qYWiNxjQSVvhprQy5qyuuq7ZQ9V5Y,True,True,False,False
http://associazionegenia.it/wp-includes/IXR/json/json/import,False,True,False,False
http://lok-ii.github.io/Assignment-1-Netflix,False,True,False,False
http://ipfs.io/ipfs/QmcK5wvjAXt4MMyZ8SdizPLT2QzaFy4TY3zk9p4nQGmzzE,False,True,False,False
http://ink-01.c1bda7nx3e.eu.org/,False,True,False,False
http://facebooksafety23.wixsite.com/verify,False,True,False,False
https://cworal-saraann-4492.pages.dev/,False,True,False,False
https://auth-portal-ndax--cdn--auth.webflow.io/,True,True,False,False
http://mf.941217.xyz/,True,True,False,False
http://ourspareroom.com/yg/neteasehardest/900,False,True,False,False
http://blockfi_llgin.godaddysites.com/,False,True,False,False
http://freeweeklygiveaways.wixsite.com/airdrops,False,True,False,False
https://website-891c5854.olz.qrr.temporary.site/privacy,True,True,False,False
https://nebulous-dawn-bard.glitch.me/,False,True,False,False
https://enchanted-bony-card.glitch.me/log.html,False,True,False,False
http://dhananjay-23.github.io/Metamask_Clone,False,True,False,False
http://bafybeicwclodgui4bhspqr37rxy2tujkttsyvfaaeqb5esed7uy4unwz5e.ipfs.dweb.link/Adobepdf_Invoice.html,False,True,False,False
http://coinbasewalletus.wixsite.com/coiinbasewaletsignup,False,True,False,False
https://rightsclaimdigitalmavericks.vercel.app/appeal&form,True,True,False,False
https://reviewpolicyconversionexperts.vercel.app/3ae&2593cf65a&1e9d0xe13da4b400e.html,False,True,False,False
https://reviewpolicyconversionexperts.vercel.app/3ae&2593cf65a&1e9d0xe13da4b400e,True,True,False,False
http://loginledger-now.webflow.io/,False,True,False,False
https://nuccho-105544c.ingress-bonde.ewp.live/wp-content/plugins/nuccho/nuuchoo/log.php,False,True,False,False
http://asakoohki.github.io/NetflixCloneWebsite,False,True,True,True
http://bafybeiclivjwvd6riuwlyru47xy7j7m3enczrqaflhbl6mfq3o3snaqrcy.ipfs.dweb.link/,False,True,False,False
http://shobhit245.github.io/Netflix-Home-Page,False,True,False,False
http://sumit-1803.github.io/FacebookClone,False,True,True,True
http://gemnnicom_loggin3.godaddysites.com/,False,True,False,False
http://fleek.ipfs.io/ipfs/QmaMpQkKuRy89xcgDPGHqgi1BXRkb22b1awFqE59HVDGDS,False,True,False,False
https://marshal.serv00.net/Trustawellt/wallTrust/,True,True,False,False
http://ipfs.io/ipfs/QmQoz7JmtWNhGvdCM3XJ7zT8ULhHiRTN2YUKtuj1DEF82U,False,True,False,False
http://dreamlinerenergies.co.ke/wks,False,True,False,False
http://worker.xiaotai.xyz/,False,True,False,False
http://rpeingenieria.net/wp2/files/top.html,False,True,False,False
http://vps.54054053.xyz/,False,True,False,False
http://hrick-08.github.io/Fake-login,False,True,True,False
http://a123.to038mzb.workers.dev/,True,True,False,False
http://skdcmwtzlbxrp.wiki/,True,True,False,False
http://chegeian.github.io/Netflix-,False,True,True,True
https://renamed.sa.com/j/,True,True,False,False
https://renamed.sa.com/j/error.php,True,True,False,False
https://herschelmenofficial.com/m/register,True,False,False,False
https://att-100624.weeblysite.com/,False,True,False,False
https://att-100064-108319.weeblysite.com/,False,True,False,False
http://3-66-29-116.cprapid.com/app/,True,False,False,False
http://3-66-29-116.cprapid.com/app/update.php?jmgwl63neyep36pbrxl7,True,True,False,False
http://www.youremotejobs.com/tok750/,False,False,False,False
https://urlz.fr/tYIS,True,True,True,True
https://cdn.trytraffics.com/rdr/YWE9MzY3NzE5MjM1JnNlaT0yOTc2NTUzNyZ0az1YWktWd1FoZHhpQUJnZkN6ZHpXYyZ0PTUmYz05MGFzODc2ZmQ4OWFzNWZnOGEwOXM,True,True,True,False
https://cdn.trytraffics.com/rdr/YWE9MzY3NzE5MjM1JnNlaT0yOTc2NTUzNyZ0az1YWktWd1FoZHhpQUJnZkN6ZHpXYyZ0PTUmYz05MGFzODc2ZmQ4OWFzNWZnOGEwOXM=,True,True,True,False
http://pub-852d349dab374f1cadb6988fb691dada.r2.dev/index.html,False,True,False,False
http://ji.lgpo62df.workers.dev/,True,True,False,False
http://sso---en-us--com--uphold--cdn.webflow.io/,False,True,False,False
http://auth---uphold-com--p-cdn.webflow.io/,False,False,False,False
http://secure-easy-to-use-exodus-cdn.webflow.io/,False,True,False,False
http://ajaygangwar123.github.io/Netflix-Clone-,False,True,True,True
https://pub-6221f7664d6648718fc08de782664dd2.r2.dev/index.html,True,True,False,False
http://bafybeidv34ggxdrzmcmzrfa3uc4vreihd63rbfgi4ejcjvwzvoz4uoc5qe.ipfs.dweb.link/bEAST.html,False,True,False,False
http://jaimindhanja007.github.io/Netflix-Landing-Page,False,True,False,False
http://pub-e00ed203a8c94e1e806a3d3453458c6d.r2.dev/index.html,False,True,False,False
http://cancelar-aqui-compra31b.weebly.com/,False,True,False,False
http://hasuali.github.io/Facebook-login-page-,False,True,False,False
http://fedbolifij.duckdns.org/en/,False,True,True,False
http://ieysmzuonq.duckdns.org/en/,True,True,True,False
http://ocuvrifbbb.duckdns.org/en/,False,True,True,False
http://gateway.ipfs.io/ipfs/QmUx2cq3qcaJmf1diwpkmTdNESaSKCyE72BnV9UXxV9tV1,False,True,False,False
https://khalisdesisoghat.com/p/Sites/index.html,True,True,True,True
https://vhu0og.top/,True,True,False,False
https://557409.cc/,False,True,False,False
https://smtah888.com/,True,True,True,True
https://nkyto.top/,True,True,False,False
http://pub-6f8a4dc83b8743fb9fb01e7f6f8b84fe.r2.dev/index.html,False,True,False,False
http://gpqsqaxd.monster/,True,True,False,False
https://yfqkcsxr.work/,True,True,False,False
https://webhomeatt-500780.weeblysite.com/,True,True,False,False
https://inexpensive-broad-tangerine.glitch.me/,False,True,False,False
http://manjeetydv.github.io/Netlflix_landing_page,False,True,False,False
http://edgetunnel-vl.grieving.workers.dev/,False,True,False,False
http://sharep0int324324123.pages.dev/index-2alle/,False,False,False,False
http://pub-2dd568b7dc2449bc9305090933d7526e.r2.dev/index.html,False,True,False,False
https://1001yes.net/,True,True,False,False
http://microupdateportal.github.io/myaccount,False,True,True,True
https://voicebt.weeblysite.com/,False,True,False,False
https://hhdusarhjubhdd.weeblysite.com/,False,False,False,False
https://broadband-100478.weeblysite.com/,False,True,True,True
https://cvkfhslgpl.cfolks.pl/dkb/login.php,False,False,False,False
http://wellsfargo-usa.godaddysites.com/,False,True,False,False
https://ntybj.com/,False,True,False,False
https://nft-claimr15.vercel.app/,True,True,True,True
https://logowaniiealegrro2025.com/,False,True,False,False
https://srvamch.in/,True,False,False,False
http://vanepphuphim.vn/access/hmtoio/GHLKKHDGRTE.html,True,True,False,False
https://strat-trexorr.webflow.io/,False,True,False,False
https://kampanja-spankkifi.com/,False,True,False,False
https://mobillepaylaportall.com/,False,True,False,False
https://start-trezurr.webflow.io/,False,True,False,False
https://mobillepayla-portal.com/,False,False,False,False
https://free-fire-battlegrounds.apkcafe.ae/,True,False,False,False
https://ipfs.io/ipfs/QmUaog7f9ugqt1SfxxAKRMAqK3k8Ju8MfHDfLkHFnDFv4o/er.html?is=3mail@b.c/,True,True,False,False
https://trezor-login-offcial.webflow.io/,False,True,False,False
http://you4-alert.com/,True,True,True,True
https://terzorsuite--bridge.webflow.io/,False,True,False,False
https://decentralised.weebly.com/,True,False,False,False
https://suitedesktop-trezoir.webflow.io/,True,True,False,False
https://scaii.netlify.app/,True,True,False,False
http://suprt-conectwallet.gitbook.io/us,False,True,False,False
https://cnmmb.cn/,True,False,False,False
https://trezor-bridge-docs.webflow.io/,False,False,False,False
http://birrp.thamboli.co.za/,True,False,False,False
http://pub-f441919a3192400299460dd38e99c610.r2.dev/download.htm,False,False,False,False
https://auth--trezorsecure.webflow.io/,False,False,False,False
http://workprojecr.github.io/work,False,False,False,False
https://trezorwebidge.webflow.io/,False,False,False,False
http://uxcurrentjhfduxux.weebly.com/,False,False,True,True
http://bafybeifkxe7n2jiid4iptgnrixodr6hlicmznngiikvhowysmj36ytmhu4.ipfs.dweb.link/ifoma.html,False,False,False,False
https://guybuidler.tempurl.host/wp-admin/all/nets/auth/autorisatioss/c8df4e0c7a3543c8635267c270e86159/?4dq2-MxNXL01TY9yNQ2IQhaHGKVSr1E2jxlP:KSjX0y4Q-bSXNzvRVtA2QIiU8usep7ZdR64eUuc3mdHulJOzGLjA04xfEKq,False,False,False,False
https://trexurloggien.webflow.io/,True,False,False,False
https://enrichsupplies.com/.well-known/Fixed/?uid=3mail@b.c,True,False,False,False
http://sc1gize6242.universe.wf/Hazuki-gifu/aW5mb0BoYXp1a2ktZ2lmdS5jb20=,True,False,False,False
http://vcxza9.wixsite.com/talktalk,False,False,False,False
https://trerezrrwalblet.webflow.io/,False,False,False,False
https://spotifypremiumapkdescargar.com/spotify-premium-apk-descargar-guia/,True,False,False,False
http://mygov-authsec.com/,False,False,True,True
https://rdakhmax.serv00.net/RDGDESDZRFSYJNOI/index.php?FGDD=1#HDHKJDJDSSJDSJKJDSJDSDJJDSHYKJHGFG,False,False,True,False
https://ctrk.klclick3.com/l/01JK3PKFKJDDM9NJHBZT9JEBG5_2/,False,False,False,False
http://ipfs.io/ipfs/QmbzAdCwho7HjaD4st8GLyKUYYdWfge7vqMHNpFuy98dTp,False,False,False,False
https://ups-us.xin/us,True,False,False,False
http://www.c551000.cc/,False,False,False,False
http://ebay.myprofiles.cyou/profile/fRoFbGEwZ9ccU5H8,False,False,True,False
http://app-66e937f2c1ac190fb8e37446.closte.com/ni/5d192f6099d0473e42ef/nkl-log.php,False,False,False,False
https://logon-sso-ttrzor-content-app.webflow.io/,True,False,False,False
https://attcom-109855.weeblysite.com/,True,False,False,False
http://awekmelayuviral.tme-viral.link/,True,False,False,False
https://mfacebook.com.vn/kQ6oezxII3gPoYdtzv561a?v,True,False,True,False
http://vqqmz.thamboli.co.za/,True,False,False,False
http://48.pilbsze.workers.dev/,False,False,False,False
http://tiktok.jp5ybn1.top/,True,False,True,True
https://business.helppage-standard-community.com/,True,False,False,False
http://firvolace.work/,True,False,False,False
http://webshuaw.weebly.com/,False,False,False,False
https://gtm.you1.cn/storesteam/explore/,True,False,False,False
http://findmy-ilocation.live/ZNp,False,False,False,False
https://meettt-maskloginn.gitbook.io/,False,False,False,False
https://meettmasskkloggiinnn.gitbook.io/,False,False,False,False
http://why.ponete4267.workers.dev/,False,False,False,False
https://metamasqklogine.webflow.io/,False,False,False,False
https://attofficialvalidation.weebly.com/,True,False,False,False
https://metumskloign.webflow.io/,False,False,True,True
http://coinbaseinformationalsecurity.com/,False,False,False,False
http://apply-official-blue-badge-service0-ten.vercel.app/,False,False,False,False
https://att-email-account-verifier.webflow.io/,True,False,False,False
https://saslklkmkiujjdheys.weebly.com/,True,False,False,False
https://oiwlesmendufksd.weebly.com/,True,False,False,False
https://att-102740.weeblysite.com/,False,False,False,False
http://www.nextchange24-7.online.bitbuy.world/,True,False,False,False
https://webmailatt-10329800.weeblysite.com/,False,False,False,False
https://app-66e937f2c1ac190fb8e37446.closte.com/ni/,False,False,False,False
http://www.bancosfinanzas.com/,False,False,False,False
http://app-dc4f1570-d1ca-4397-afda-02c63a18a194.cleverapps.io/,False,False,False,False
http://blockchaincore.netlify.app/secureconnection/,False,False,False,False
http://wallets-onlinevalidations.vercel.app/,False,False,False,False
http://ldxtw.thamboli.co.za/,True,False,False,False
http://imjiy.thamboli.co.za/,True,False,False,False
http://geaku.thamboli.co.za/,True,False,False,False
http://wqisendjsdhjdloikj.weebly.com/,False,False,False,False
http://give-win.midasbuy-page.com/,False,False,False,False
http://tdidz.thamboli.co.za/,True,False,False,False
http://altxdapps.pages.dev/,False,False,False,False
http://bshwd.thamboli.co.za/,True,False,False,False
http://dc.55uf.com/,False,False,False,False
http://facebookonline.click/,True,False,False,False
http://klaiim-hadiia4h-dnaiid.my-resmi.xyz/,True,False,False,False
http://video-virall.myin-in.com/xx/phone/,True,False,False,False
http://www.homestarpro.com/server/public/pem/Dev/metamask/restore.php,False,False,False,False
http://www.herschelmenofficial.com/m/login/,False,False,False,False
http://www.mannaigroup.com/reed.php,True,False,False,False
http://www.odous.org/,True,False,False,False
http://www.login-pionex.com/,False,False,True,False
https://pdfdoccentral.com/,True,False,False,False
http://view-site.de/,True,False,False,False
https://kbico.thamboli.co.za/3mail@b.c,True,False,False,False
http://coinbaseloginnpr0.webflow.io/,False,False,False,False
https://att.daftpage.com/,True,False,True,True
https://start-ldgeroo--auth.webflow.io/,True,False,False,False
https://start-s-ledger---auth.webflow.io/,True,False,False,False
https://ymsyms.com/,True,False,False,False
https://loginbnp.netlify.app/,False,False,True,True
http://wellesfargo.publicvm.com/,True,False,False,False
http://whatsapp-join-gp.vercel.app/,False,False,False,False
https://sso-secure-ndax-cdn-auths.webflow.io/,True,False,False,False
https://sso-autths-ndaxlogin.webflow.io/,True,False,False,False
https://sso---ndax-io-auths-nadx.webflow.io/,True,False,False,False
https://sso-auths-ndaxlogin.webflow.io/,True,False,False,False
https://sso--ndax-cdn-x-auths.webflow.io/,True,False,False,False
https://cancelocomprbanlombuias.firebaseapp.com/,False,False,True,True
https://cancelocomprbanlombuias.web.app/,False,False,True,True
https://fjaqwi83jfrtwnvgnzx7.web.app/,False,False,True,True
https://fjaqwi83jfrtwnvgnzx7.firebaseapp.com/,False,False,True,True
http://upp-hollzd-logieusa.godaddysites.com/,False,False,False,False
http://ancient-flower-7a29.568608dee1.workers.dev/,False,False,False,False
https://blockxchainxloginx.godaddysites.com/,True,False,False,False
http://carwrapsfl.com/backup/usps_fees/Next-Step,False,False,True,False
https://youg3.kkea.cloudns.biz/,True,False,False,False
https://sso-ndax-auths.webflow.io/,True,False,False,False
http://551002k.cc/,False,False,False,False
http://go-genimi-logi.godaddysites.com/,False,False,False,False
http://support-messagerie-saving.weebly.com/,False,False,False,False
http://dev-95450454120.pantheonsite.io/,False,False,False,False
http://usmtbadmk.vip/,False,False,False,False
http://innocentglobalaccessories.ng/pay/public/,False,False,False,False
http://help-fb-recovery-center.github.io/notification,False,False,True,False
http://551001j.cc/,False,False,False,False
http://buiano007.github.io/-NetflixClone,False,False,True,True
http://551004k.cc/,False,False,False,False
https://birrp.thamboli.co.za/3mail@b.c,True,False,False,False
https://currently22.weebly.com/,True,False,False,False
https://cryptomixinvest.pro/,True,False,False,False
http://www.t5j1gz.top/,False,False,True,False
http://551005k.cc/,False,False,False,False
http://repentancetv.org/web/,True,False,True,True
https://postfinancesecure0b90c6bb09f447342bcabf6666636e919.pages.dev/,False,False,False,False
https://iunjeakqw.com/,True,False,True,True
http://551006k.cc/,False,False,False,False
http://551008j.cc/,False,False,False,False
http://7089fff2-ded5-45d5-acd9-07660404a98e-00-378eeojpph507.spock.replit.dev/japanese.html,False,False,False,False
http://7089fff2-ded5-45d5-acd9-07660404a98e-00-378eeojpph507.spock.replit.dev/english.html,False,False,False,False
https://paracancelaringresaraquic.weebly.com/,False,False,False,False
https://i.gal/O1HkI,False,False,False,False
https://s3.us-east-1.amazonaws.com/anydo-user-uploads/mYrJC4D-uB_HaqeLqklA0Q_9ad296cb3f1548f49668089080afef45_ATT_VoiceMail.html,True,False,False,False
https://rebrand.ly/i79cg39,False,False,False,False
https://blackyselva1997.github.io/FB-SingUp-Page-DOM-Mini-Project/signup/index.html,True,False,True,False
http://cf1.yinhuajie025.workers.dev/,False,False,False,False
https://idaccess.online/,False,False,False,False
http://551008k.cc/,False,False,False,False
http://bafybeihbr2qgidgbmo7yzjlnkkpa3xdfgnyazbkchantylg5kchqu2aowe.ipfs.dweb.link/ssharpointt.html,False,False,False,False
https://fill-trezor-logln.webflow.io/,True,False,False,False
http://551004j.cc/,False,False,False,False
http://551000k.cc/,False,False,False,False
http://551009k.cc/,False,False,False,False
http://ygvless.cf.icoo.cf/,True,False,False,False
https://kemaskini.vrtx1-27.my.id/,False,False,False,False
https://fill-trezor-suite.webflow.io/,True,False,False,False
https://kucoynslogin.webflow.io/,True,False,False,False
https://im-tokenn.top/,True,False,False,False
https://m.renyi10.com/,True,False,False,False
https://kucienlogoe.webflow.io/,True,False,False,False
https://kukooinlrgon.webflow.io/,True,False,False,False
http://551005j.cc/,False,False,False,False
https://gemniilogann.webflow.io/,True,False,False,False
http://espacio-logistico.com/js/img/auth/sign,False,False,True,False
https://m--start-g-ledger-oauth.webflow.io/,True,False,False,False
http://g551007.cc/,False,False,False,False
https://soutra-4b902.web.app/,True,False,False,False
http://robertjunk.com/,False,False,False,False
http://khalid-apple-replica.netlify.app/,False,False,False,False
https://trezoriostartcd.webflow.io/,True,False,False,False
https://starhterejorioo.webflow.io/,True,False,False,False
https://en--secure-coinbasepro-cdn---auth.webflow.io/,True,False,False,False
http://krakenloggen_logius.godaddysites.com/,False,False,False,False
https://060d.com/,True,False,False,False
https://inboxxupdate6.wixsite.com/website,False,False,False,False
https://gdrivevcmur.pages.dev/,True,False,False,False
https://ca--ndax-auth-login.webflow.io/,True,False,False,False
http://signup-sso-ndax-ca.webflow.io/,False,False,False,False
http://ca--ndax-auth-login-sso.webflow.io/,False,False,False,False
https://currently56752.weebly.com/,True,False,False,False
https://20240303-6wp.pages.dev/,False,False,False,False
https://app-sso--engg--ndax--cdn.webflow.io/,True,False,False,False
http://663b6cae-83e3-4c8c-958b-f825719d6d1f-00-1dzf0u852yxrl.janeway.replit.dev/,False,False,False,False
http://tess.bagibagisaldogopay.biz.id/,False,False,True,False
https://totalmundos.com/kk/newcodingLinkedin/,False,False,True,False
http://tinyurl.com/69txm9uc,False,False,False,False
http://staemcomunitly.com/gift/activation=Dor5Fhnm2w,False,False,False,False
https://wancai.7894236.xyz/,True,False,False,False
https://learn--trezuir-suite.webflow.io/,True,False,False,False
https://pori.gritateda.ru/H1QLaAW1/,True,False,False,False
https://kjurjfktigujnssvd.weebly.com/,False,False,False,False
http://alula-react-apple.netlify.app/,False,False,False,False
http://apple-replica2.netlify.app/,False,False,False,False
http://go.wepicko.com/,True,False,False,False
https://nnenjonzhtx.pages.dev/smart89/,True,False,True,False
http://applezed-clone.netlify.app/,False,False,False,False
http://mail.abhieetmusic.freewebhostmost.com/,True,False,False,False
http://verified-badge-service-use-info.vercel.app/,False,False,True,True
https://att-108473-10053145er.square.site/,False,False,False,False
http://shailu1261.github.io/amazonclone.io,False,False,False,False
http://saurabhkhot19.github.io/amazon_clone_website.io,False,False,False,False
https://exttnshnmeithamcxk.webflow.io/,False,False,False,False
https://extension-metamask-cdn.webflow.io/,True,False,False,False
http://mataamsk-lognm.gitbook.io/,False,False,False,False
http://metmaskil.gitbook.io/,False,False,False,False
https://gumenilogeir.gitbook.io/,False,False,False,False
https://miatamassk-wallet.gitbook.io/,False,False,False,False
https://uupholdologuio.gitbook.io/,False,False,False,False
https://mattmmask-wallate.gitbook.io/,False,False,False,False
https://maltamask-wallata.gitbook.io/,False,False,False,False
http://matt-amask-waallt.gitbook.io/,False,False,False,False
https://maltamsk-loggn.gitbook.io/,False,False,False,False
https://metamasklougan.gitbook.io/,False,False,False,False
http://matamssk-logiin.gitbook.io/,False,False,False,False
http://geminialoginx.gitbook.io/,False,False,False,False
http://mmita-walllalt.gitbook.io/,False,False,False,False
http://metwm-sklgin.gitbook.io/,False,False,False,False
http://mamtamsk-logiin.gitbook.io/,False,False,False,False
http://att-e573ce.webflow.io/,False,False,True,True
https://malitamask-walllet-1.gitbook.io/,False,False,False,False
https://vless.e-files.workers.dev/,False,False,False,False
http://aauth---g-en-sso-crypto--s-app.gitbook.io/,False,False,False,False
https://apply-free-verified-badge-official-ten.vercel.app/,True,False,True,True
https://bafybeic43h5jxsytjubjtg5mik7dnxhyf5xraq3nssrvo4fjb2g546sn2e.ipfs.dweb.link/,True,False,False,False
https://anzinternetbanking.vercel.app/,True,False,True,True
https://garntiibsvurum.duckdns.org/,True,False,False,False
https://flow.page/mymailatt,True,False,False,False
https://leo67576476476443.weebly.com/,True,False,False,False
https://member489ruiejkreview.weebly.com/,True,False,False,False
https://xnbcbcbbcc.weebly.com/,True,False,False,False
https://btstopwebmail.weebly.com/,True,False,False,False
https://att-104181.weeblysite.com/,False,False,False,False
https://allegrolokalnie.pl-5fe6r.cfd/oferta/d5SCiB8eHnKUxh3-vlCPDrD7L6StZXX-5l8RcvHZLLoqHFg/19,False,False,False,False
https://on-line4tik.com/,True,False,True,True
https://tkonline-shopping7.com/,True,False,True,True
http://sakshat1.github.io/Flipkart-Clone/,False,False,False,False
https://steamcommunity.gifts/id=478419359,False,False,False,False
https://jyneru.cfd/binancepayout/?b=YTo0OntzOjU6ImxhYmVsIjtzOjA6IiI7czozOiJ1c3IiO2k6NDU5O3M6NDoibm9wZCI7czoxNDoicmF0ZWxsb3BlbnMuY2MiO3M6MToibyI7aTo4OTt9,True,False,False,False
http://steamcommunity.appwallpapersenginse.com/,False,False,False,False
https://sfert.pages.dev/,False,False,False,False
http://bellsouthaccountservices.weebly.com/,False,False,False,False
http://suprimirsuscrip00aqui.weebly.com/,False,False,False,False
https://qauiere.shop/,True,False,False,False
https://terminological.cfd/,True,False,False,False
http://mailservice85.weebly.com/,False,False,False,False
https://shaw-101196.weeblysite.com/,True,False,False,False
https://uptodatebuzmaincentrevowsebcserver.weebly.com/,True,False,True,True
https://pub-886ff0c9bfda41fd8c46ee023d37fd0c.r2.dev/ordip.html,True,False,False,False
https://newestonlinehere4you.weebly.com/,True,False,False,False
https://matmskexxtensn.webflow.io/,False,False,False,False
https://learn-app-trezz-suitee.webflow.io/,False,False,False,False
http://freedatabase.sbs/,False,False,False,False
http://t.n9z9a8b.com/,True,False,True,False
http://help-trazihardwaallet.webflow.io/,False,False,False,False
http://getmytruioezor.webflow.io/,False,False,False,False
https://steamcommunity.gifts/id=746904,False,False,False,False
https://o5f9c.top/,True,False,False,False
https://275201.cc/,False,False,False,False
http://v2r.wwwzls.pp.ua/,True,False,False,False
http://chazeris.online/,True,False,False,False
https://multicoinremote.pages.dev/,False,False,False,False
https://bafybeib7syy7kfa5leiyzs5u2iedgxt45xehhhmpj5dygcqnuyhqowisou.ipfs.dweb.link/,True,False,False,False
https://treizosrhlgin.webflow.io/,True,False,False,False
https://shaw-103198.weeblysite.com/,True,False,False,False
http://sbc-loggin3369.square.site/,True,False,False,False
https://hardware-trezor-cod.webflow.io/,True,False,False,False
https://website-trezor--login.webflow.io/,True,False,False,False
https://loghen--web--trzoer.webflow.io/,True,False,False,False
https://start-trezzor-sartiso.webflow.io/,True,False,False,False
https://visit-ttrezor-hardware-wallet.webflow.io/,False,False,False,False
https://visit-ttrezor-suite-app.webflow.io/,False,False,False,False
https://wallet---web-ledgre.webflow.io/,True,False,False,False
http://8iilgy.n0c.world/lb/bc/,True,False,False,False
https://hellogoogle.pages.dev/,True,False,False,False
https://metta-massk-lggoinng.godaddysites.com/,True,False,False,False
https://riving6-heliotr76pe-claim0e.netlify.app/,True,False,False,False
https://thundering-gigabyte-thundering.on-fleek.app/,False,False,False,False
http://ebayverif.world/tracking/ypmLUOFd4yL2nLlA,False,False,False,False
https://videotroncens.weebly.com/,True,False,False,False
http://pub-16127978f7cf43f4b4375a52dfd93f3f.r2.dev/http.html,False,False,False,False
https://pub-b1ef8f17aee4422ea6e540d52aa305f0.r2.dev/index.html,True,False,False,False
http://voicemailonemailloading.github.io/New/Voice.html,False,False,False,False
https://pub-9e1358676a684ebd8c8608b544021116.r2.dev/index.html,True,False,False,False
https://pub-34ef152cd54645d6bfb59e199b493be6.r2.dev/index.html,True,False,False,False
https://pub-9b1eda1126754f27b1101f810b2b0e8a.r2.dev/index.html,True,False,False,False
https://pub-479e7e0e27fd456eae02e16da758fee5.r2.dev/index.html,True,False,False,False
https://telegram-co.com/login/index.html,True,False,False,False
https://telegram-as.com/login/index.html,True,False,False,False
https://prodjs.wpenginepowered.com/wp-content/ScammaWakerImpotV8/ScammaWakerImpotV8/app/,False,False,False,False
https://pub-c1b72cf894244612b32a43947af5d3e4.r2.dev/index.html,True,False,False,False
https://pub-9fdb020dc67b4afeb9abab963b6cb4a0.r2.dev/index.html,True,False,False,False
https://pub-b42213e1d83c4f448026b7219ddf4de1.r2.dev/index.html,True,False,False,False
https://pub-ab23cd9556fd48d5ab70db3c3b773fb3.r2.dev/index.html,True,False,False,False
https://pub-3b5edd72e7a743c98942264c3be21b2a.r2.dev/index.html,True,False,False,False
https://pub-eabf20d9f0c94e4eaf06f4d36845629b.r2.dev/index.html,True,False,False,False
https://pub-192f62c6161041fcac5089098032e9a9.r2.dev/index.html,True,False,False,False
http://pub-3c71f5517e724ac59fc1c863edb4bff3.r2.dev/eee2.html,False,False,False,False
http://pub-682ad3b65d944376b919745aae3c56d4.r2.dev/document14.html,False,False,False,False
http://balisic888.wixsite.com/my-siteblue/,False,False,False,False
http://sbcgloballink-1098.wixsite.com/my-site/,False,False,False,False
http://pub-ce2d0679453d4fa48743eacb8ce0cf4e.r2.dev/log.html,False,False,False,False
http://pub-9513f1e0940c434a8848c99560677738.r2.dev/rewsaded.html,False,False,False,False
http://www.sms22.com/images/flog/delivery/tracking.php,False,False,True,True
http://pub-bef3992943244363b4685f628765faa7.r2.dev/gandsindex.html,False,False,False,False
http://supplieradvisor.ciamlogin.com/3159c7b1-0c6d-42f1-9929-f2bd2daef8bf/oauth2/v2.0/authorize/,True,False,False,False
http://pub-87c74fc56e9b48a2a98249f4105ec5ee.r2.dev/silicon.html,False,False,False,False
http://account-verification.github.io/att2/,False,False,False,False
http://www.btad.ac.th/goto/_assets/,True,False,False,False
http://www.thelifefreestyle.com/wp-includes/ID3/2023/,False,False,False,False
http://ssgsggh.wixsite.com/my-site-5/,False,False,False,False
http://adelarrosa128.wixsite.com/my-site/,False,False,False,False
http://www.tinyurl.com/2r3rx244/,False,False,False,False
http://www.zetalube.co.kr/images/chol/cn900/,True,False,True,False
http://4redundant.wixstudio.io/att84894894/,False,False,False,False
https://4redundant.wixstudio.com/att84894894/,True,False,True,False
http://tepsozurzi.wixsite.com/my-site/,False,False,False,False
http://alhassanattaheer.github.io/link/,False,False,False,False
http://pub-1cedadbfd7e64635bb38bf2b96ef0c3f.r2.dev/woosb.html,False,False,False,False
http://pub-928ffaf37dd04d12b4e22eab0dc5391f.r2.dev/calimi-donsi.html,False,False,False,False
http://baxterelliottt.wixsite.com/my-site-7/,False,False,False,False
